"age","reproduction"
"1",4,0
"2",5,1.74107142857143
"3",6,6.51785714285714
"4",7,19.9107142857143
"5",8,17.5446428571429
